Pin,Image,Set,Release/Availability,Notes,Country,,"Data as of:
09/28/2026","Interested in more detailed information?
Check out the Sanderson Swag Field Guide"
Series 1 - Pin 00 - Brandon,,Character Pin Series 1,"Year of Sanderson Box, later Dragonsteel store",,US,,,
Series 1 - Pin 01 - Vin,,Character Pin Series 1,"Year of Sanderson Box, later Dragonsteel store",,US,,,
Series 1 - Pin 02 - Hoid,,Character Pin Series 1,"Year of Sanderson Box, later Dragonsteel store",,US,,,
Series 1 - Pin 03 - Steris,,Character Pin Series 1,"Year of Sanderson Box, later Dragonsteel store",,US,,,
Series 1 - Pin 04 - Vasher,,Character Pin Series 1,"Year of Sanderson Box, later Dragonsteel store",,US,,,
Series 1 - Pin 05 - Wax,,Character Pin Series 1,"Year of Sanderson Box, later Dragonsteel store",,US,,,
Series 1 - Pin 06 - Raoden,,Character Pin Series 1,"Year of Sanderson Box, later Dragonsteel store",,US,,,
Series 1 - Pin 07 - Shallan,,Character Pin Series 1,"Year of Sanderson Box, later Dragonsteel store",,US,,,
Series 1 - Pin 08 - Khriss,,Character Pin Series 1,"Year of Sanderson Box, later Dragonsteel store",,US,,,
Series 1 - Pin 09 - Vivenna,,Character Pin Series 1,"Year of Sanderson Box, later Dragonsteel store",,US,,,
Series 1 - Pin 10 - Kaladin,,Character Pin Series 1,"Year of Sanderson Box, later Dragonsteel store",,US,,,
Series 1 - Pin 11 - Syl,,Character Pin Series 1,"Year of Sanderson Box, later Dragonsteel store",,US,,,
Series 1 - Pin 12 - Kelsier,,Character Pin Series 1,"Year of Sanderson Box, later Dragonsteel store",,US,,,
Series 1 - Pin 13 - Tress,,Character Pin Series 2,Sold in Dragonsteel store,,US,,,
Series 1 - Pin 14 - Mervin,,Character Pin Series 2,Sold in Dragonsteel store,,US,,,
Series 1 - Pin 15 - Yumi,,Character Pin Series 2,Sold in Dragonsteel store,,US,,,
Series 1 - Pin 16 - Nomad,,Character Pin Series 2,Sold in Dragonsteel store,,US,,,
Series 1 - Pin 17 - Spensa,,Character Pin Series 2,Sold in Dragonsteel store,,US,,,
Series 2 - Pin 000 - Queen Emily,,Character Pin Series 2,Dragonsteel Nexus 2024,,US,,,
Series 2 - Pin 01 - Honorspren,,Character Pin Series 2,Words of Radiance Leatherbound Crowdfunding Campaign,,US,,,
Series 2 - Pin 02 - Highspren,,Character Pin Series 2,Words of Radiance Leatherbound Crowdfunding Campaign,,US,,,
Series 2 - Pin 03 - Ashspren,,Character Pin Series 2,Words of Radiance Leatherbound Crowdfunding Campaign,,US,,,
Series 2 - Pin 04 - Cultivationspren,,Character Pin Series 2,Words of Radiance Leatherbound Crowdfunding Campaign,,US,,,
Series 2 - Pin 05 - Mistspren,,Character Pin Series 2,Words of Radiance Leatherbound Crowdfunding Campaign,,US,,,
Series 2 - Pin 06 - Cryptic,,Character Pin Series 2,Words of Radiance Leatherbound Crowdfunding Campaign,,US,,,
Series 2 - Pin 07 - Inkspren,,Character Pin Series 2,Words of Radiance Leatherbound Crowdfunding Campaign,,US,,,
Series 2 - Pin 08 - Reacher,,Character Pin Series 2,Words of Radiance Leatherbound Crowdfunding Campaign,,US,,,
Series 2 - Pin 09 - Peakspren,,Character Pin Series 2,Words of Radiance Leatherbound Crowdfunding Campaign,,US,,,
Series 2 - Pin 10 - Stormfather,,Character Pin Series 2,Words of Radiance Leatherbound Crowdfunding Campaign,,US,,,
Series 2 - Pin 11 - Dalinar,,Character Pin Series 2,"First sold at FanX 2024, later sold in the Dragonsteel store",,US,,,
Series 2 - Pin 12 - Adolin,,Character Pin Series 2,"First sold at FanX 2024, later sold in the Dragonsteel store",,US,,,
Series 2 - Pin 13 - Renarin,,Character Pin Series 2,"First sold at FanX 2024, later sold in the Dragonsteel store",,US,,,
Series 2 - Pin 14 - Jasnah,,Character Pin Series 2,"First sold at FanX 2024, later sold in the Dragonsteel store",,US,,,
Series 2 - Pin 15 - Navani,,Character Pin Series 2,"First sold at FanX 2024, later sold in the Dragonsteel store",,US,,,
Series 2 - Pin 16 - Venli,,Character Pin Series 2,Sold in Dragonsteel store,,US,,,
Series 2 - Pin 17 - Lift,,Character Pin Series 2,Sold in Dragonsteel store,,US,,,
Series 2 - Pin 18 - Szeth,,Character Pin Series 2,WaT Book Bundle,,US,,,
Series 2 - Pin 19 - Painter,,Character Pin Series 2,First sold at DSNX24,,US,,,
Series 2 - Pin 20 - Cursed Hoid,,Character Pin Series 2,First sold at DSNX24,,US,,,
Series 3 - Pin 0 - Peter Ahlstrom,,Character Pin Series 3,"Released at DSNX25, later on the Dragonsteel store",,US,,,
Series 3 - Pin 1 - Emperor Elend,,Character Pin Series 3,"Released at Celsius 232 2025, later on the Dragonsteel store",,US,,,
Series 3 - Pin 10 - Human Form Starling,,Character Pin Series 3,"Released at DSNX25, later on the Dragonsteel store",,US,,,
Series 3 - Pin 11 - Draconic Form Starling,,Character Pin Series 3,"Released at DSNX25, later on the Dragonsteel store",,US,,,
Series 3 - Pin 12 - Worldhopper Hoid,,Character Pin Series 3,"Released at DSNX25, later on the Dragonsteel store",,US,,,
Series 3 - Pin 2 - Shai,,Character Pin Series 3,"Released at Celsius 232 2025, later on the Dragonsteel store",,US,,,
Series 3 - Pin 3 - Marasi,,Character Pin Series 3,,,US,,,
Series 3 - Pin 4 - Rysn,,Character Pin Series 3,,,US,,,
Series 3 - Pin 5 - Hrathen,,Character Pin Series 3,,,US,,,
Series 3 - Pin 6 - Sixth of the Dusk,,Character Pin Series 3,"Released with Emberdark preorders, later on the Dragonsteel store",,US,,,
Series 3 - Pin 7 - Lightsong,,Character Pin Series 3,,,US,,,
Series 3 - Pin 8 - Blushweaver,,Character Pin Series 3,,,US,,,
Series 3 - Pin 9 - Wayne,,Character Pin Series 3,"Released at FanX 2025, later on the Dragonsteel store",,US,,,
Series 4 - Pin 1 - Sazed,,Character Pin Series 4,"Released at MCM London 2026, later on the Dragonsteel store",,US,,,
Series 4 - Pin 2 - Sarene,,Character Pin Series 4,"Released at MCM London 2026, later on the Dragonsteel store",,US,,,
Series 4 - Pin 3 - ,,Character Pin Series 4,,,US,,,
Series 4 - Pin 4 - ,,Character Pin Series 4,,,US,,,
Series 4 - Pin 5 - ,,Character Pin Series 4,,,US,,,
Series 4 - Pin 6 - ,,Character Pin Series 4,,,US,,,
Series 4 - Pin 7 - Maya,,Character Pin Series 4,"Released at Gen Con 2026, later on Dragonsteel store",,US,,,
Series 4 - Pin 8 - ,,Character Pin Series 4,,,US,,,
Series 4 - Pin 9 - ,,Character Pin Series 4,,,US,,,
Series 4 - Pin 10 - ,,Character Pin Series 4,,,US,,,
Series 4 - Pin 11 - ,,Character Pin Series 4,,,US,,,
Series 4 - Pin 12 - ,,Character Pin Series 4,,,US,,,
Series 4 - Pin 0 - ,,Character Pin Series 4,,,US,,,
Dragonsteel 2021,,Convention,Dragonsteel 2021 and later the store,,US,,,
Dragonsteel 2022,,Convention,Dragonsteel 2022 and later the store,,US,,,
Dragonsteel 2022 - VIP,,Convention,Dragonsteel 2022 VIP bundle,Shiny orange bits alternate version,US,,,
Dragonsteel 2023,,Convention,Dragonsteel 2023 and later the store,,US,,,
Dragonsteel 2023 - VIP,,Convention,Dragonsteel 2023 VIP bundle,Shiny alternate version of pin,US,,,
Dragonsteel Nexus 2024,,Convention,DSNX24 and later the store,,US,,,
Dragonsteel Nexus 2024 - VIP,,Convention,DSNX24 VIP bundle,Alternate VIP version of pin,US,,,
Dragonsteel Nexus 2025,,Convention,DSNX25 and later the store,,US,,,
Dragonsteel Nexus 2025- Premium,,Convention,Sold with the Premium Swag bundle for Dragonsteel Nexus 2025,,US,,,
Cosmere,,Cosmere,,,US,,,
Hoid was here,,Cosmere,Spanish release,,Spain,,,
Shalash Cosplay,,Cosplay,Brandon hands out to cosplayers starting at TBCC 2023,,US,,,
Wayne Cosplay,,Cosplay,Brandon hands out to cosplayers starting at DSNX'25,,US,,,
DDF Two-Tone,,Cytoverse,,,US,,,
DDF Two-Tone,,Cytoverse,Sold in Dragonsteel store,,US,,,
DDF UK,,Cytoverse,UK release,"Shiny, much rarer than the other",UK,,,
Doom Slug,,Cytoverse,Starsight release,Dragonsteel 2024,US,,,
Hesho's Mask,,Cytoverse,Part of the Defiant release bundle and later sold in store,,US,,,
M-Bot,,Cytoverse,Sold in Dragonsteel store,,US,,,
M-Bot Drone,,Cytoverse,Sold in Dragonsteel store,,US,,,
M-Bot Mini,,Cytoverse,DSNX 21 game prize,"Smaller version of the M-Bot pin, much rarer",US,,,
M-Bot (Dutch),,Cytoverse,So Many Pages.nl Sub Box,From the special edition box from Dutch publisher Iceberg/So Many Pages subscription box,Netherlands,,,
Kitsen Ship,,Cytoverse Defiant Ships,Sold in Dragonsteel store,Part of the Cytoverse Defiant  Ship Pins pack of 5 pins,US,,,
Largo Ship,,Cytoverse Defiant Ships,Sold in Dragonsteel store,Part of the Cytoverse Defiant  Ship Pins pack of 5 pins,US,,,
Poco Ship,,Cytoverse Defiant Ships,Sold in Dragonsteel store,Part of the Cytoverse Defiant  Ship Pins pack of 5 pins,US,,,
Scout Ship,,Cytoverse Defiant Ships,Sold in Dragonsteel store,Part of the Cytoverse Defiant  Ship Pins pack of 5 pins,US,,,
UrDail Ship,,Cytoverse Defiant Ships,Sold in Dragonsteel store,Part of the Cytoverse Defiant  Ship Pins pack of 5 pins,US,,,
Boom Slug,,Cytoverse Spanish Slugs,Spanish Defiant release,Random one of 6 given out with each purchase,Spain,,,
Comm Slug,,Cytoverse Spanish Slugs,Spanish Defiant release,Random one of 6 given out with each purchase,Spain,,,
Doom Slug,,Cytoverse Spanish Slugs,Spanish Defiant release,Random one of 6 given out with each purchase,Spain,,,
Grey Slug,,Cytoverse Spanish Slugs,Spanish Defiant release,Random one of 6 given out with each purchase,Spain,,,
Inhibitor Slug,,Cytoverse Spanish Slugs,Spanish Defiant release,Random one of 6 given out with each purchase,Spain,,,
Rainbow Slug,,Cytoverse Spanish Slugs,Spanish Defiant release,Random one of 6 given out with each purchase,Spain,,,
Bondsmith Standard,,Knight Radiant Order,Sold in Dragonsteel store,,US,,,
Dustbringer Standard,,Knight Radiant Order,Sold in Dragonsteel store,,US,,,
Edgedancer Standard,,Knight Radiant Order,Sold in Dragonsteel store,,US,,,
Elsecaller Standard,,Knight Radiant Order,Sold in Dragonsteel store,,US,,,
Lightweaver Standard,,Knight Radiant Order,Sold in Dragonsteel store,,US,,,
Skybreaker Standard,,Knight Radiant Order,Sold in Dragonsteel store,,US,,,
Stoneward Standard,,Knight Radiant Order,Sold in Dragonsteel store,,US,,,
Truthwatcher Standard,,Knight Radiant Order,Sold in Dragonsteel store,,US,,,
Willshaper Standard,,Knight Radiant Order,Sold in Dragonsteel store,,US,,,
Windrunner Standard,,Knight Radiant Order,Sold in Dragonsteel store,,US,,,
Windrunner Glitter,,Knight Radiant Order Glitter,The Way of Kings Release,,US,,,
Lightweaver Glitter,,Knight Radiant Order Glitter,Words of Radiance Release,,US,,,
Bondsmith Glitter,,Knight Radiant Order Glitter,Oathbringer Release,,US,,,
Willshaper Glitter,,Knight Radiant Order Glitter,Rhythm of War Release,,US,,,
Skybreaker Glitter,,Knight Radiant Order Glitter,Wind and Truth Release,,US,,,
Bridge Four,,Logo Pins,"Released at C2E2 2025, later on the Dragonsteel store",,US,,,
Cosmere ,,Logo Pins,"Released at C2E2 2025, later on the Dragonsteel store",,US,,,
Dragonsteel Logo- Red,,Logo Pins,"Released at C2E2 2025, later on the Dragonsteel store",,US,,,
Ghostbloods,,Logo Pins,"Released at Celsius 232 2025, later on the Dragonsteel store",,US,,,
Scadrial,,Logo Pins,"Released at C2E2 2025, later on the Dragonsteel store",,US,,,
Space-Age Stormlight,,Logo Pins,"Released at C2E2 2025, later on the Dragonsteel store",,US,,,
Stormlight ,,Logo Pins,"Released at C2E2 2025, later on the Dragonsteel store",,US,,,
Hemalurgy,,Mistborn Word Art,Sold in Dragonsteel store,Part of the Mistborn World art pin set of 3 pins,US,,,
Keep Calm,,Mistborn Word Art,Sold in Dragonsteel store,Part of the Mistborn World art pin set of 3 pins,US,,,
There's Always Another Secret,,Mistborn Word Art,Sold in Dragonsteel store,Part of the Mistborn World art pin set of 3 pins,US,,,
Ascendant Warrior,,Other,Sold in Dragonsteel store,,US,,,
Aviar- Emberdark,,Other,,,Spain,,,
Dragonsteel Logo,,Other,Was originally only for employees.  Then sold at DSNX 21-24,,US,,,
DSNX24 Blackout,,Other,Given out for fully completing the con game at DSNX24,,US,,,
DSNX24 Squire,,Other,Given to volunteers at DSNX24,,US,,,
DSNX25 Squire,,Other,Given to volunteers at DSNX25,,US,,,
Frugal Wizard,,Other,First 500 people who purhcased Frugal Wizard in Brazil,,Brazil,,,
Silverlight Key Cloak Pin,,Other,"Released at DSNX25, Later sold in Dragonsteel store",,US,,,
The Lightweaver Foundation,,Other,,,US,,,
WoR Backer Pin,,Other,Words of Radiance Leatherbound Crowdfunding Campaign,,US,,,
Reckoners,,Reckoners,,,US,,,
Bridge Four,,Roshar,,,US,,,
Chiri Chiri,,Roshar,Spanish release,,Spain,,,
Double Eye,,Roshar,WoK LB Kickstarter Backer pin,,US,,,
Oathbringer,,Roshar,UK release,,UK,,,
Wind and Truth - Australian,,Roshar,Australian version of Wind and Truth pin,,Australia,,,
Wind and Truth - Gollancz,,Roshar,Gollancz version of Wind and Truth pin,,US,,,
Wind and Truth - Spanish,,Roshar,Spanish release version of Wind and Truth pin,,Spain,,,
Wind and Truth - Tor,,Roshar,Handed out at Tor booth at NYCC 2024,,US,,,
Sandershelf - Pin 1 - Tress,,Sandershelf,"Released at C2E2 2025, later on the Dragonsteel store",,US,,,
Sandershelf - Pin 2 - Way of Kings,,Sandershelf,"Released at Celsius 232 2025, later on the Dragonsteel store",,US,,,
Sandershelf - Pin 3 - Elantris,,Sandershelf,"Released at MCM London 2026, later on the Dragonsteel store",,US,,,
Sandershelf - Pin 4 - Yumi,,Sandershelf,"Released at Celsius 232 2025, later on the Dragonsteel store",,US,,,
Sandershelf - Pin 5 - Mistborn Era 1,,Sandershelf,"Released at DSNX25, later on the Dragonsteel store",,US,,,
Sandershelf - Pin 6 - Emerdark,,Sandershelf,"Released at FanX 2025, later on the Dragonsteel store",,US,,,
Sandershelf - Pin 7 - Skyward,,Sandershelf,"Released at DSNX25, later on the Dragonsteel store",,US,,,
Sandershelf - Pin 8 - Warbreaker,,Sandershelf,"Released at DSNX25, later on the Dragonsteel store",,US,,,
Sandershelf - Pin 9 - Sunlit Man,,Sandershelf,"Released at MCM London 2026, later on the Dragonsteel store",,US,,,
Harmonium,,Scadrial,Sold in Dragonsteel store,,US,,,
Marewill Flower,,Scadrial,Dragonsteel Minicon 2022,,US,,,
Worldhopper Ball 2024 Scene Pin: Adolin and Shallan,,Scene Pin,"Released at DSNX25, later on the Dragonsteel store",,US,,,
Worldhopper Ball 2025 Scene Pin: Vin and Elend,,Scene Pin,"Released at DSNX25, later on the Dragonsteel store",,US,,,
Worldhopper Ball 2025 Commemorative Pin,,Worldhopper Ball,"Released at DSNX25, later on the Dragonsteel store",,US,,,
C2E2 Worldhopper,,Worldhopper Pins,Convention exclusive at C2E2 2025,,US,,,
Celsius Worldhopper,,Worldhopper Pins,Convention exclusive at Celsius 232 2025,,US,,,
DSNX Worldhopper,,Worldhopper Pins,Convention exclusive at Dragonsteel Nexus 2025,,US,,,
FanX Worldhopper,,Worldhopper Pins,Convention exclusive at FanX 2025,,US,,,
StoryCon Event Pin,,Event Pins,Convention exclusive at StoryCon 2026,,US,,,
Jordan Con Event Pin,,Event Pins,Convention exclusive at Jordan Con 2026,,US,,,
MCM London Event Pin,,Event Pins,Convention exclusive at MCM London 2026,,US,,,
Gen Con Event Pin,,Event Pins,Convention exclusive at Gen Con 2026,,US,,,
FanX Event Pin,,Event Pins,Convention exclusive at FanX 2026,,US,,,
Fires of December,,Campaign Pin,Released with the Hoid Storybook Backerkit campaign Fires of December bundle,,US,,,